Timestamp,Operation,Old Name,New Name
2026-06-22 10:01:00,Rename,report_2025.pdf,HK_report_2025.pdf
2026-06-22 10:01:01,Rename,invoice_jan.pdf,HK_invoice_jan.pdf
2026-06-22 10:01:02,Rename,photo_trip.jpg,HK_photo_trip.jpg
2026-06-22 10:05:00,Organize,HK_report_2025.pdf,Documents/HK_report_2025.pdf
2026-06-22 10:05:01,Organize,HK_invoice_jan.pdf,Documents/HK_invoice_jan.pdf
2026-06-22 10:05:02,Organize,HK_photo_trip.jpg,Images/HK_photo_trip.jpg
2026-06-22 10:05:03,Organize,song.mp3,Audio/song.mp3
2026-06-22 10:05:04,Organize,lecture.mp4,Videos/lecture.mp4
2026-06-22 10:05:05,Organize,backup.zip,Archives/backup.zip
2026-06-22 11:23:16,Organize,images.jpg,Images/images.jpg
2026-06-22 11:23:16,Organize,New Microsoft Excel Worksheet (2).xlsx,Documents/New Microsoft Excel Worksheet (2).xlsx
2026-06-22 11:23:16,Organize,New Microsoft Excel Worksheet.xlsx,Documents/New Microsoft Excel Worksheet.xlsx
2026-06-22 11:23:16,Organize,New Microsoft Word Document (2).docx,Documents/New Microsoft Word Document (2).docx
2026-06-22 11:23:16,Organize,New Microsoft Word Document.docx,Documents/New Microsoft Word Document.docx
2026-06-22 11:23:16,Organize,New Text Document (2).txt,Documents/New Text Document (2).txt
2026-06-22 11:23:16,Organize,New Text Document.txt,Documents/New Text Document.txt
2026-06-22 11:23:16,Organize,pdf 1.pdf,Documents/pdf 1.pdf
2026-06-22 11:23:16,Organize,pdf.pdf,Documents/pdf.pdf
2026-06-22 11:23:16,Organize,sample.jpg,Images/sample.jpg
2026-06-22 11:23:16,Organize,sample.png,Images/sample.png
2026-06-22 11:23:16,Organize,sample1.png,Images/sample1.png
2026-06-22 11:25:22,Rename,New Microsoft Excel Worksheet (2).xlsx,sample_1.xlsx
2026-06-22 11:25:22,Rename,New Microsoft Excel Worksheet.xlsx,sample_2.xlsx
2026-06-22 11:25:22,Rename,New Microsoft Word Document (2).docx,sample_3.docx
2026-06-22 11:25:22,Rename,New Microsoft Word Document.docx,sample_4.docx
2026-06-22 11:25:22,Rename,New Text Document (2).txt,sample_5.txt
2026-06-22 11:25:22,Rename,New Text Document.txt,sample_6.txt
2026-06-22 11:25:22,Rename,images.jpg,sample_7.jpg
2026-06-22 11:25:22,Rename,pdf 1.pdf,sample_8.pdf
2026-06-22 11:25:22,Rename,pdf.pdf,sample_9.pdf
2026-06-22 11:25:22,Rename,sample.jpg,sample_10.jpg
2026-06-22 11:25:22,Rename,sample.png,sample_11.png
2026-06-22 11:25:22,Rename,sample1.png,sample_12.png
2026-06-22 11:48:06,Rename,sample_1.xlsx,0_1.xlsx
2026-06-22 11:48:06,Rename,sample_10.jpg,0_10.jpg
2026-06-22 11:48:06,Rename,sample_11.png,0_11.png
2026-06-22 11:48:06,Rename,sample_12.png,0_12.png
2026-06-22 11:48:06,Rename,sample_2.xlsx,0_2.xlsx
2026-06-22 11:48:06,Rename,sample_3.docx,0_3.docx
2026-06-22 11:48:06,Rename,sample_4.docx,0_4.docx
2026-06-22 11:48:06,Rename,sample_5.txt,0_5.txt
2026-06-22 11:48:06,Rename,sample_6.txt,0_6.txt
2026-06-22 11:48:06,Rename,sample_7.jpg,0_7.jpg
2026-06-22 11:48:06,Rename,sample_8.pdf,0_8.pdf
2026-06-22 11:48:06,Rename,sample_9.pdf,0_9.pdf
2026-06-22 11:49:02,Rename,0_1.xlsx,file_1.xlsx
2026-06-22 11:49:02,Rename,0_10.jpg,file_2.jpg
2026-06-22 11:49:02,Rename,0_11.png,file_3.png
2026-06-22 11:49:02,Rename,0_12.png,file_4.png
2026-06-22 11:49:02,Rename,0_2.xlsx,file_5.xlsx
2026-06-22 11:49:02,Rename,0_3.docx,file_6.docx
2026-06-22 11:49:02,Rename,0_4.docx,file_7.docx
2026-06-22 11:49:02,Rename,0_5.txt,file_8.txt
2026-06-22 11:49:02,Rename,0_6.txt,file_9.txt
2026-06-22 11:49:02,Rename,0_7.jpg,file_10.jpg
2026-06-22 11:49:02,Rename,0_8.pdf,file_11.pdf
2026-06-22 11:49:02,Rename,0_9.pdf,file_12.pdf
2026-06-22 11:49:21,Rename,file_1.xlsx,sample_1.xlsx
2026-06-22 11:49:21,Rename,file_10.jpg,sample_10.jpg
2026-06-22 11:49:21,Rename,file_11.pdf,sample_11.pdf
2026-06-22 11:49:21,Rename,file_12.pdf,sample_12.pdf
2026-06-22 11:49:21,Rename,file_2.jpg,sample_2.jpg
2026-06-22 11:49:21,Rename,file_3.png,sample_3.png
2026-06-22 11:49:21,Rename,file_4.png,sample_4.png
2026-06-22 11:49:21,Rename,file_5.xlsx,sample_5.xlsx
2026-06-22 11:49:21,Rename,file_6.docx,sample_6.docx
2026-06-22 11:49:21,Rename,file_7.docx,sample_7.docx
2026-06-22 11:49:21,Rename,file_8.txt,sample_8.txt
2026-06-22 11:49:21,Rename,file_9.txt,sample_9.txt
2026-06-22 11:49:45,Rename,sample_1.xlsx,HK TASK 8sample_1.xlsx
2026-06-22 11:49:45,Rename,sample_10.jpg,HK TASK 8sample_10.jpg
2026-06-22 11:49:45,Rename,sample_11.pdf,HK TASK 8sample_11.pdf
2026-06-22 11:49:45,Rename,sample_12.pdf,HK TASK 8sample_12.pdf
2026-06-22 11:49:45,Rename,sample_2.jpg,HK TASK 8sample_2.jpg
2026-06-22 11:49:45,Rename,sample_3.png,HK TASK 8sample_3.png
2026-06-22 11:49:45,Rename,sample_4.png,HK TASK 8sample_4.png
2026-06-22 11:49:45,Rename,sample_5.xlsx,HK TASK 8sample_5.xlsx
2026-06-22 11:49:45,Rename,sample_6.docx,HK TASK 8sample_6.docx
2026-06-22 11:49:45,Rename,sample_7.docx,HK TASK 8sample_7.docx
2026-06-22 11:49:45,Rename,sample_8.txt,HK TASK 8sample_8.txt
2026-06-22 11:49:45,Rename,sample_9.txt,HK TASK 8sample_9.txt
2026-06-22 11:50:04,Rename,HK TASK 8sample_1.xlsx,HK TASK 8sample_1(2026).xlsx
2026-06-22 11:50:04,Rename,HK TASK 8sample_10.jpg,HK TASK 8sample_10(2026).jpg
2026-06-22 11:50:04,Rename,HK TASK 8sample_11.pdf,HK TASK 8sample_11(2026).pdf
2026-06-22 11:50:04,Rename,HK TASK 8sample_12.pdf,HK TASK 8sample_12(2026).pdf
2026-06-22 11:50:04,Rename,HK TASK 8sample_2.jpg,HK TASK 8sample_2(2026).jpg
2026-06-22 11:50:04,Rename,HK TASK 8sample_3.png,HK TASK 8sample_3(2026).png
2026-06-22 11:50:04,Rename,HK TASK 8sample_4.png,HK TASK 8sample_4(2026).png
2026-06-22 11:50:04,Rename,HK TASK 8sample_5.xlsx,HK TASK 8sample_5(2026).xlsx
2026-06-22 11:50:04,Rename,HK TASK 8sample_6.docx,HK TASK 8sample_6(2026).docx
2026-06-22 11:50:04,Rename,HK TASK 8sample_7.docx,HK TASK 8sample_7(2026).docx
2026-06-22 11:50:04,Rename,HK TASK 8sample_8.txt,HK TASK 8sample_8(2026).txt
2026-06-22 11:50:04,Rename,HK TASK 8sample_9.txt,HK TASK 8sample_9(2026).txt
2026-06-22 11:50:15,Organize,HK TASK 8sample_1(2026).xlsx,Documents/HK TASK 8sample_1(2026).xlsx
2026-06-22 11:50:15,Organize,HK TASK 8sample_10(2026).jpg,Images/HK TASK 8sample_10(2026).jpg
2026-06-22 11:50:15,Organize,HK TASK 8sample_11(2026).pdf,Documents/HK TASK 8sample_11(2026).pdf
2026-06-22 11:50:15,Organize,HK TASK 8sample_12(2026).pdf,Documents/HK TASK 8sample_12(2026).pdf
2026-06-22 11:50:15,Organize,HK TASK 8sample_2(2026).jpg,Images/HK TASK 8sample_2(2026).jpg
2026-06-22 11:50:15,Organize,HK TASK 8sample_3(2026).png,Images/HK TASK 8sample_3(2026).png
2026-06-22 11:50:15,Organize,HK TASK 8sample_4(2026).png,Images/HK TASK 8sample_4(2026).png
2026-06-22 11:50:15,Organize,HK TASK 8sample_5(2026).xlsx,Documents/HK TASK 8sample_5(2026).xlsx
2026-06-22 11:50:15,Organize,HK TASK 8sample_6(2026).docx,Documents/HK TASK 8sample_6(2026).docx
2026-06-22 11:50:15,Organize,HK TASK 8sample_7(2026).docx,Documents/HK TASK 8sample_7(2026).docx
2026-06-22 11:50:15,Organize,HK TASK 8sample_8(2026).txt,Documents/HK TASK 8sample_8(2026).txt
2026-06-22 11:50:15,Organize,HK TASK 8sample_9(2026).txt,Documents/HK TASK 8sample_9(2026).txt
